<?xml version = '1.0' encoding = 'UTF-8'?>
<Faults>
   <Fault>
      <severity>warning</severity>
      <loc>/*[namespace-uri()='http://docs.oasis-open.org/wsbpel/2.0/process/executable'][local-name()='process']/*[namespace-uri()='http://docs.oasis-open.org/wsbpel/2.0/process/executable'][local-name()='sequence'][@name='main']/*[namespace-uri()='http://docs.oasis-open.org/wsbpel/2.0/process/executable'][local-name()='forEach'][@name='ForEach']/*[namespace-uri()='http://docs.oasis-open.org/wsbpel/2.0/process/executable'][local-name()='finalCounterValue']</loc>
      <line>121</line>
      <col/>
      <file>BPEL/TransferPaymentFilesToBankProcess.bpel</file>
      <name>BPEL/TransferPaymentFilesToBankProcess.bpel</name>
      <fix>Make sure that the expression in &lt;bpel:finalCounterValue> is a unsigned integer expression.</fix>
      <msg>The expression $ListPaymentFilesRespMsg.filelist/@size in &lt;bpel:finalCounterValue> is not a unsigned integer expression.</msg>
   </Fault>
</Faults>
