<?xml version="1.0" encoding="UTF-8"?>
<dgm:gDiagram xmlns:dgm="http://xmlns.oracle.com/sca/soadgm">
    <dgm:gService name="transferpaymentfilestobankprocess_ep">
        <dgm:body borderWidth="2" arcRad="20" X="21" Y="192" width="137" height="96">
            <dgm:borderColor r="153" g="153" b="153"/>
            <dgm:bgColor r="255" g="255" b="255"/>
        </dgm:body>
        <dgm:shadow arcRad="20" X="11" Y="185" width="156" height="110">
            <dgm:bgColor r="196" g="228" b="240"/>
        </dgm:shadow>
        <dgm:outputPort name="transferpaymentfilestobankprocess_ep" X="127" Y="0" diameter="20" imageURI="oracle/tip/tools/ide/fabric/resource/image/visuals_rd1/servicereference.png" interface="http://xmlns.oracle.com/Banks/TransferPaymentFilesToBank/TransferPaymentFilesToBankProcess#wsdl.interface(TransferPaymentFilesToBankProcess)" callbackInterface="http://xmlns.oracle.com/Banks/TransferPaymentFilesToBank/TransferPaymentFilesToBankProcess#wsdl.interface(TransferPaymentFilesToBankProcessCallback)"/>
        <dgm:nodeIcon URI="/oracle/tip/tools/ide/adapters/designtime/adapter/images/soap_service_20x20.png" X="20" Y="4" width="20" height="20"/>
        <dgm:operations>
            <dgm:item>process</dgm:item>
            <dgm:item>processResponse</dgm:item>
        </dgm:operations>
    </dgm:gService>
    <dgm:gReference name="SyncReadPaymentFilesAdapter">
        <dgm:body borderWidth="2" arcRad="20" X="888" Y="144" width="136" height="84">
            <dgm:borderColor r="153" g="153" b="153"/>
            <dgm:bgColor r="255" g="255" b="255"/>
        </dgm:body>
        <dgm:shadow arcRad="20" X="878" Y="137" width="156" height="98">
            <dgm:bgColor r="196" g="228" b="240"/>
        </dgm:shadow>
        <dgm:inputPort name="SyncReadPaymentFilesAdapter" X="-10" Y="0" diameter="20" imageURI="oracle/tip/tools/ide/fabric/resource/image/visuals_rd1/servicereference.png" interface="http://xmlns.oracle.com/pcbpel/adapter/ftp/Banks/TransferPaymentFilesToBank/SyncReadPaymentFilesAdapter#wsdl.interface(SynchRead_ptt)"/>
        <dgm:nodeIcon URI="/oracle/tip/tools/ide/adapters/designtime/adapter/images/ftp_adapter_20x20.png" X="27" Y="4" width="20" height="20"/>
        <dgm:operations>
            <dgm:item>SynchRead</dgm:item>
        </dgm:operations>
    </dgm:gReference>
    <dgm:gReference name="PutPaymentFilesAdapter">
        <dgm:body borderWidth="2" arcRad="20" X="888" Y="262" width="136" height="84">
            <dgm:borderColor r="153" g="153" b="153"/>
            <dgm:bgColor r="255" g="255" b="255"/>
        </dgm:body>
        <dgm:shadow arcRad="20" X="878" Y="255" width="156" height="98">
            <dgm:bgColor r="196" g="228" b="240"/>
        </dgm:shadow>
        <dgm:inputPort name="PutPaymentFilesAdapter" X="-10" Y="0" diameter="20" imageURI="oracle/tip/tools/ide/fabric/resource/image/visuals_rd1/servicereference.png" interface="http://xmlns.oracle.com/pcbpel/adapter/ftp/Banks/TransferPaymentFilesToBank/PutPaymentFilesAdapter#wsdl.interface(Put_ptt)"/>
        <dgm:nodeIcon URI="/oracle/tip/tools/ide/adapters/designtime/adapter/images/ftp_adapter_20x20.png" X="27" Y="4" width="20" height="20"/>
        <dgm:operations>
            <dgm:item>Put</dgm:item>
        </dgm:operations>
    </dgm:gReference>
    <dgm:gReference name="UpdateLastJobRunAdapter">
        <dgm:body borderWidth="2" arcRad="20" X="888" Y="380" width="136" height="84">
            <dgm:borderColor r="153" g="153" b="153"/>
            <dgm:bgColor r="255" g="255" b="255"/>
        </dgm:body>
        <dgm:shadow arcRad="20" X="878" Y="373" width="156" height="98">
            <dgm:bgColor r="196" g="228" b="240"/>
        </dgm:shadow>
        <dgm:inputPort name="UpdateLastJobRunAdapter" X="-10" Y="0" diameter="20" imageURI="oracle/tip/tools/ide/fabric/resource/image/visuals_rd1/servicereference.png" interface="http://xmlns.oracle.com/pcbpel/adapter/db/Banks/TransferPaymentFilesToBank/UpdateLastJobRunAdapter#wsdl.interface(UpdateLastJobRunAdapter_ptt)"/>
        <dgm:nodeIcon URI="/oracle/tip/tools/ide/adapters/designtime/adapter/images/db_adapter_20x20.png" X="27" Y="4" width="20" height="20"/>
        <dgm:operations>
            <dgm:item>UpdateLastJobRunAdapter</dgm:item>
        </dgm:operations>
    </dgm:gReference>
    <dgm:gReference name="ListPaymentFilesAdapter">
        <dgm:body borderWidth="2" arcRad="20" X="888" Y="26" width="136" height="84">
            <dgm:borderColor r="153" g="153" b="153"/>
            <dgm:bgColor r="255" g="255" b="255"/>
        </dgm:body>
        <dgm:shadow arcRad="20" X="878" Y="19" width="156" height="98">
            <dgm:bgColor r="196" g="228" b="240"/>
        </dgm:shadow>
        <dgm:inputPort name="ListPaymentFilesAdapter" X="-10" Y="0" diameter="20" imageURI="oracle/tip/tools/ide/fabric/resource/image/visuals_rd1/servicereference.png" interface="http://xmlns.oracle.com/pcbpel/adapter/ftp/Banks/TransferPaymentFilesToBank/ListPaymentFilesAdapter#wsdl.interface(FileListing_ptt)"/>
        <dgm:nodeIcon URI="/oracle/tip/tools/ide/adapters/designtime/adapter/images/ftp_adapter_20x20.png" X="27" Y="4" width="20" height="20"/>
        <dgm:operations>
            <dgm:item>FileListing</dgm:item>
        </dgm:operations>
    </dgm:gReference>
    <dgm:gComponent name="TransferPaymentFilesToBankProcess">
        <dgm:body borderWidth="2" arcRad="20" X="458" Y="177" width="130" height="136">
            <dgm:borderColor r="69" g="113" b="140"/>
            <dgm:lightBgColor r="166" g="208" b="230"/>
            <dgm:darkBgColor r="99" g="162" b="201"/>
        </dgm:body>
        <dgm:shadow arcRad="20" X="448" Y="170" width="150" height="152">
            <dgm:bgColor r="196" g="228" b="240"/>
        </dgm:shadow>
        <dgm:inputPort name="transferpaymentfilestobankprocess" X="-10" Y="15" diameter="20" imageURI="oracle/tip/tools/ide/fabric/resource/image/visuals_rd1/servicereference.png" interface="http://xmlns.oracle.com/Banks/TransferPaymentFilesToBank/TransferPaymentFilesToBankProcess#wsdl.interface(TransferPaymentFilesToBankProcess)" callbackInterface="http://xmlns.oracle.com/Banks/TransferPaymentFilesToBank/TransferPaymentFilesToBankProcess#wsdl.interface(TransferPaymentFilesToBankProcessCallback)"/>
        <dgm:outputPort name="ListPaymentFilesAdapter" X="120" Y="15" diameter="20" imageURI="oracle/tip/tools/ide/fabric/resource/image/visuals_rd1/servicereference.png" interface="http://xmlns.oracle.com/pcbpel/adapter/ftp/Banks/TransferPaymentFilesToBank/ListPaymentFilesAdapter#wsdl.interface(FileListing_ptt)"/>
        <dgm:outputPort name="SyncReadPaymentFilesAdapter" X="120" Y="40" diameter="20" imageURI="oracle/tip/tools/ide/fabric/resource/image/visuals_rd1/servicereference.png" interface="http://xmlns.oracle.com/pcbpel/adapter/ftp/Banks/TransferPaymentFilesToBank/SyncReadPaymentFilesAdapter#wsdl.interface(SynchRead_ptt)"/>
        <dgm:outputPort name="PutPaymentFilesAdapter" X="120" Y="65" diameter="20" imageURI="oracle/tip/tools/ide/fabric/resource/image/visuals_rd1/servicereference.png" interface="http://xmlns.oracle.com/pcbpel/adapter/ftp/Banks/TransferPaymentFilesToBank/PutPaymentFilesAdapter#wsdl.interface(Put_ptt)"/>
        <dgm:outputPort name="UpdateLastJobRunAdapter" X="120" Y="90" diameter="20" imageURI="oracle/tip/tools/ide/fabric/resource/image/visuals_rd1/servicereference.png" interface="http://xmlns.oracle.com/pcbpel/adapter/db/Banks/TransferPaymentFilesToBank/UpdateLastJobRunAdapter#wsdl.interface(UpdateLastJobRunAdapter_ptt)"/>
        <dgm:nodeIcon URI="/oracle/tip/tools/ide/bpel/shared/plugins/resources/images/soa/process_20x20.png" X="10" Y="4" width="20" height="20"/>
    </dgm:gComponent>
    <dgm:gWireLink source="transferpaymentfilestobankprocess_ep" target="TransferPaymentFilesToBankProcess/transferpaymentfilestobankprocess" width="2">
        <dgm:gSegment X1="168" Y1="202" X2="448" Y2="202"/>
        <dgm:baseColor r="153" g="153" b="153"/>
        <dgm:selectedColor r="49" g="106" b="196"/>
    </dgm:gWireLink>
    <dgm:gWireLink source="TransferPaymentFilesToBankProcess/ListPaymentFilesAdapter" target="ListPaymentFilesAdapter" width="2">
        <dgm:gSegment X1="598" Y1="202" X2="622" Y2="202"/>
        <dgm:gSegment X1="622" Y1="202" X2="622" Y2="36"/>
        <dgm:gSegment X1="622" Y1="36" X2="878" Y2="36"/>
        <dgm:baseColor r="153" g="153" b="153"/>
        <dgm:selectedColor r="49" g="106" b="196"/>
    </dgm:gWireLink>
    <dgm:gWireLink source="TransferPaymentFilesToBankProcess/SyncReadPaymentFilesAdapter" target="SyncReadPaymentFilesAdapter" width="2">
        <dgm:gSegment X1="598" Y1="227" X2="637" Y2="227"/>
        <dgm:gSegment X1="637" Y1="227" X2="637" Y2="154"/>
        <dgm:gSegment X1="637" Y1="154" X2="878" Y2="154"/>
        <dgm:baseColor r="153" g="153" b="153"/>
        <dgm:selectedColor r="49" g="106" b="196"/>
    </dgm:gWireLink>
    <dgm:gWireLink source="TransferPaymentFilesToBankProcess/PutPaymentFilesAdapter" target="PutPaymentFilesAdapter" width="2">
        <dgm:gSegment X1="598" Y1="252" X2="637" Y2="252"/>
        <dgm:gSegment X1="637" Y1="252" X2="637" Y2="272"/>
        <dgm:gSegment X1="637" Y1="272" X2="878" Y2="272"/>
        <dgm:baseColor r="153" g="153" b="153"/>
        <dgm:selectedColor r="49" g="106" b="196"/>
    </dgm:gWireLink>
    <dgm:gWireLink source="TransferPaymentFilesToBankProcess/UpdateLastJobRunAdapter" target="UpdateLastJobRunAdapter" width="2">
        <dgm:gSegment X1="598" Y1="277" X2="622" Y2="277"/>
        <dgm:gSegment X1="622" Y1="277" X2="622" Y2="390"/>
        <dgm:gSegment X1="622" Y1="390" X2="878" Y2="390"/>
        <dgm:baseColor r="153" g="153" b="153"/>
        <dgm:selectedColor r="49" g="106" b="196"/>
    </dgm:gWireLink>
</dgm:gDiagram>