<?xml version="1.0" encoding="UTF-8" ?>
<!-- Generated by Oracle SOA Modeler version 12.2.1.3.0.170820 at [13/1/19 11:52 PM]. -->
<composite name="TransferPaymentFilesToBank"
           revision="1.0"
           label="2019-01-13_23-52-11_625"
           mode="active"
           state="on"
           xmlns="http://xmlns.oracle.com/sca/1.0"
           xmlns:xs="http://www.w3.org/2001/XMLSchema"
           xmlns:wsp="http://schemas.xmlsoap.org/ws/2004/09/policy"
           xmlns:orawsp="http://schemas.oracle.com/ws/2006/01/policy"
           xmlns:ui="http://xmlns.oracle.com/soa/designer/"
           xmlns:sca-ext="http://xmlns.oracle.com/sca/1.0-ext">
  <import namespace="http://xmlns.oracle.com/Banks/TransferPaymentFilesToBank/TransferPaymentFilesToBankProcess"
          location="WSDLs/TransferPaymentFilesToBankProcess.wsdl" importType="wsdl"/>
  <import namespace="http://xmlns.oracle.com/pcbpel/adapter/ftp/Banks/TransferPaymentFilesToBank/SyncReadPaymentFilesAdapter"
          location="WSDLs/SyncReadPaymentFilesAdapter.wsdl" importType="wsdl"/>
  <import namespace="http://xmlns.oracle.com/pcbpel/adapter/ftp/Banks/TransferPaymentFilesToBank/PutPaymentFilesAdapter"
          location="WSDLs/PutPaymentFilesAdapter.wsdl" importType="wsdl"/>
  <import namespace="http://xmlns.oracle.com/pcbpel/adapter/db/Banks/TransferPaymentFilesToBank/UpdateLastJobRunAdapter"
          location="WSDLs/UpdateLastJobRunAdapter.wsdl" importType="wsdl"/>
  <import namespace="http://xmlns.oracle.com/pcbpel/adapter/ftp/Banks/TransferPaymentFilesToBank/ListPaymentFilesAdapter"
          location="WSDLs/ListPaymentFilesAdapter.wsdl" importType="wsdl"/>
  <service name="transferpaymentfilestobankprocess_ep" ui:wsdlLocation="WSDLs/TransferPaymentFilesToBankProcess.wsdl">
    <interface.wsdl interface="http://xmlns.oracle.com/Banks/TransferPaymentFilesToBank/TransferPaymentFilesToBankProcess#wsdl.interface(TransferPaymentFilesToBankProcess)"
                    callbackInterface="http://xmlns.oracle.com/Banks/TransferPaymentFilesToBank/TransferPaymentFilesToBankProcess#wsdl.interface(TransferPaymentFilesToBankProcessCallback)"/>
    <binding.ws port="http://xmlns.oracle.com/Banks/TransferPaymentFilesToBank/TransferPaymentFilesToBankProcess#wsdl.endpoint(transferpaymentfilestobankprocess_ep/TransferPaymentFilesToBankProcess_pt)"/>
    <callback>
      <binding.ws port="http://xmlns.oracle.com/Banks/TransferPaymentFilesToBank/TransferPaymentFilesToBankProcess#wsdl.endpoint(transferpaymentfilestobankprocess_ep/TransferPaymentFilesToBankProcessCallback_pt)"/>
    </callback>
  </service>
  <property name="productVersion" type="xs:string" many="false">12.2.1.3.0.170820</property>
  <property name="compositeID" type="xs:string" many="false">4e94f1f8-8956-40c2-aa3a-461716b51a30</property>
  <component name="TransferPaymentFilesToBankProcess" version="2.0">
    <implementation.bpel src="BPEL/TransferPaymentFilesToBankProcess.bpel"/>
    <componentType>
      <service name="transferpaymentfilestobankprocess" ui:wsdlLocation="WSDLs/TransferPaymentFilesToBankProcess.wsdl">
        <interface.wsdl interface="http://xmlns.oracle.com/Banks/TransferPaymentFilesToBank/TransferPaymentFilesToBankProcess#wsdl.interface(TransferPaymentFilesToBankProcess)"
                        callbackInterface="http://xmlns.oracle.com/Banks/TransferPaymentFilesToBank/TransferPaymentFilesToBankProcess#wsdl.interface(TransferPaymentFilesToBankProcessCallback)"/>
      </service>
      <reference name="ListPaymentFilesAdapter" ui:wsdlLocation="WSDLs/ListPaymentFilesAdapter.wsdl">
        <interface.wsdl interface="http://xmlns.oracle.com/pcbpel/adapter/ftp/Banks/TransferPaymentFilesToBank/ListPaymentFilesAdapter#wsdl.interface(FileListing_ptt)"/>
      </reference>
      <reference name="SyncReadPaymentFilesAdapter" ui:wsdlLocation="WSDLs/SyncReadPaymentFilesAdapter.wsdl">
        <interface.wsdl interface="http://xmlns.oracle.com/pcbpel/adapter/ftp/Banks/TransferPaymentFilesToBank/SyncReadPaymentFilesAdapter#wsdl.interface(SynchRead_ptt)"/>
      </reference>
      <reference name="PutPaymentFilesAdapter" ui:wsdlLocation="WSDLs/PutPaymentFilesAdapter.wsdl">
        <interface.wsdl interface="http://xmlns.oracle.com/pcbpel/adapter/ftp/Banks/TransferPaymentFilesToBank/PutPaymentFilesAdapter#wsdl.interface(Put_ptt)"/>
      </reference>
      <reference name="UpdateLastJobRunAdapter" ui:wsdlLocation="WSDLs/UpdateLastJobRunAdapter.wsdl">
        <interface.wsdl interface="http://xmlns.oracle.com/pcbpel/adapter/db/Banks/TransferPaymentFilesToBank/UpdateLastJobRunAdapter#wsdl.interface(UpdateLastJobRunAdapter_ptt)"/>
      </reference>
    </componentType>
    <property name="bpel.config.oneWayDeliveryPolicy" type="xs:string" many="false">async.persist</property>
  </component>
  <reference name="SyncReadPaymentFilesAdapter" ui:wsdlLocation="WSDLs/SyncReadPaymentFilesAdapter.wsdl">
    <interface.wsdl interface="http://xmlns.oracle.com/pcbpel/adapter/ftp/Banks/TransferPaymentFilesToBank/SyncReadPaymentFilesAdapter#wsdl.interface(SynchRead_ptt)"/>
    <binding.jca config="Adapters/SyncReadPaymentFilesAdapter_ftp.jca"/>
  </reference>
  <reference name="PutPaymentFilesAdapter" ui:wsdlLocation="WSDLs/PutPaymentFilesAdapter.wsdl">
    <interface.wsdl interface="http://xmlns.oracle.com/pcbpel/adapter/ftp/Banks/TransferPaymentFilesToBank/PutPaymentFilesAdapter#wsdl.interface(Put_ptt)"/>
    <binding.jca config="Adapters/PutPaymentFilesAdapter_ftp.jca"/>
  </reference>
  <reference name="UpdateLastJobRunAdapter" ui:wsdlLocation="WSDLs/UpdateLastJobRunAdapter.wsdl">
    <interface.wsdl interface="http://xmlns.oracle.com/pcbpel/adapter/db/Banks/TransferPaymentFilesToBank/UpdateLastJobRunAdapter#wsdl.interface(UpdateLastJobRunAdapter_ptt)"/>
    <binding.jca config="Adapters/UpdateLastJobRunAdapter_db.jca"/>
    <property name="jca.retry.count" type="xs:int" many="false" override="may">4</property>
    <property name="jca.retry.interval" type="xs:int" many="false" override="may">1</property>
    <property name="jca.retry.backoff" type="xs:int" many="false" override="may">2</property>
    <property name="jca.retry.maxInterval" type="xs:int" many="false" override="may">120</property>
  </reference>
  <reference name="ListPaymentFilesAdapter" ui:wsdlLocation="WSDLs/ListPaymentFilesAdapter.wsdl">
    <interface.wsdl interface="http://xmlns.oracle.com/pcbpel/adapter/ftp/Banks/TransferPaymentFilesToBank/ListPaymentFilesAdapter#wsdl.interface(FileListing_ptt)"/>
    <binding.jca config="Adapters/ListPaymentFilesAdapter_ftp.jca"/>
  </reference>
  <wire>
    <source.uri>transferpaymentfilestobankprocess_ep</source.uri>
    <target.uri>TransferPaymentFilesToBankProcess/transferpaymentfilestobankprocess</target.uri>
  </wire>
  <wire>
    <source.uri>TransferPaymentFilesToBankProcess/ListPaymentFilesAdapter</source.uri>
    <target.uri>ListPaymentFilesAdapter</target.uri>
  </wire>
  <wire>
    <source.uri>TransferPaymentFilesToBankProcess/SyncReadPaymentFilesAdapter</source.uri>
    <target.uri>SyncReadPaymentFilesAdapter</target.uri>
  </wire>
  <wire>
    <source.uri>TransferPaymentFilesToBankProcess/PutPaymentFilesAdapter</source.uri>
    <target.uri>PutPaymentFilesAdapter</target.uri>
  </wire>
  <wire>
    <source.uri>TransferPaymentFilesToBankProcess/UpdateLastJobRunAdapter</source.uri>
    <target.uri>UpdateLastJobRunAdapter</target.uri>
  </wire>
</composite>
